price,name
￥457.36,A Light in the Attic
￥474.77,Tipping the Velvet
￥442.61,Soumission
￥422.47,Sharp Objects
￥479.09,Sapiens: A Brief History of Humankind
￥200.10,The Requiem Red
￥294.54,The Dirty Little Secrets of Getting Your Dream Job
￥158.40,"The Coming Woman: A Novel Based on the Life of the Infamous Feminist, Victoria Woodhull"
￥199.66,The Boys in the Boat: Nine Americans and Their Epic Quest for Gold at the 1936 Berlin Olympics
￥460.72,The Black Maria
￥123.59,"Starving Hearts (Triangular Trade Trilogy, #1)"
￥182.52,Shakespeare's Sonnets
￥154.25,Set Me Free
￥461.96,Scott Pilgrim's Precious Little Life (Scott Pilgrim #1)
￥309.38,Rip it Up and Start Again
￥505.78,"Our Band Could Be Your Life: Scenes from the American Indie Underground, 1981-1991"
￥210.97,Olio
￥332.09,Mesaerion: The Best Science Fiction Stories 1800-1849
￥453.47,Libertarianism for Beginners
￥399.05,It's Only the Himalayas
￥113.43,In Her Wake
￥329.70,How Music Works
￥269.63,"Foolproof Preserving: A Guide to Small Batch Jams, Jellies, Pickles, Condiments, and More: A Foolproof Guide to Making Small Batch Jams, Jellies, Pickles, Condiments, and More"
￥223.25,Chase Me (Paris Nights #2)
￥305.06,Black Dust
￥482.72,Birdsong: A Story in Pictures
￥198.78,America's Cradle of Quarterbacks: Western Pennsylvania's Football Factory from Johnny Unitas to Joe Montana
￥469.38,Aladdin and His Wonderful Lamp
￥356.03,Worlds Elsewhere: Journeys Around Shakespeare’s Globe
￥390.31,Wall and Piece
￥156.02,The Four Agreements: A Practical Guide to Personal Freedom
￥274.31,The Five Love Languages: How to Express Heartfelt Commitment to Your Mate
￥210.44,The Elephant Tree
￥325.90,The Bear and the Piano
￥140.82,Sophie's World
￥294.10,Penny Maybe
￥159.20,Maude (1883-1993):She Grew Up with the country
￥173.42,"In a Dark, Dark Wood"
￥461.34,Behind Closed Doors
￥297.10,You can't bury them all: Poems
￥506.31,Slow States of Collapse: Poems
￥233.32,Reasons to Stay Alive
￥420.61,Private Paris (Private #10)
￥204.17,#HigherSelfie: Wake Up Your Life. Free Your Soul. Find Your Tribe.
￥398.17,Without Borders (Wanderlove #1)
￥280.67,When We Collided
￥444.11,"We Love You, Charlie Freeman"
￥126.07,Untitled Collection: Sabbath Poems 2014
￥390.31,"Unseen City: The Majesty of Pigeons, the Discreet Charm of Snails & Other Wonders of the Urban Wilderness"
￥165.91,Unicorn Tracks
￥225.46,"Unbound: How Eight Technologies Made Us Human, Transformed Society, and Brought Our World to the Brink"
￥143.83,Tsubasa: WoRLD CHRoNiCLE 2 (Tsubasa WoRLD CHRoNiCLE #2)
￥274.93,Throwing Rocks at the Google Bus: How Growth Became the Enemy of Prosperity
￥172.18,This One Summer
￥152.57,Thirst
￥168.65,The Torch Is Passed: A Harding Family Story
￥495.88,The Secret of Dreadwillow Carse
￥498.35,"The Pioneer Woman Cooks: Dinnertime: Comfort Classics, Freezer Food, 16-Minute Meals, and Other Delicious Ways to Solve Supper!"
￥499.15,The Past Never Ends
￥399.50,The Natural History of Us (The Fine Art of Pretending #2)
￥337.12,The Nameless City (The Nameless City #1)
￥478.03,The Murder That Never Was (Forensic Instincts #5)
￥379.53,The Most Perfect Thing: Inside (and Outside) a Bird's Egg
￥211.06,"The Mindfulness and Acceptance Workbook for Anxiety: A Guide to Breaking Free from Anxiety, Phobias, and Worry Using Acceptance and Commitment Therapy"
￥148.15,The Life-Changing Magic of Tidying Up: The Japanese Art of Decluttering and Organizing
￥181.90,"The Inefficiency Assassin: Time Management Tactics for Working Smarter, Not Longer"
￥328.02,The Gutsy Girl: Escapades for Your Life of Epic Adventure
￥495.26,The Electric Pencil: Drawings from Inside State Hospital No. 3
￥513.37,The Death of Humanity: and the Case for Life
￥433.33,"The Bulletproof Diet: Lose up to a Pound a Day, Reclaim Energy and Focus, Upgrade Your Life"
￥360.09,The Art Forger
￥174.30,The Age of Genius: The Seventeenth Century and the Birth of the Modern Mind
￥284.82,The Activist's Tao Te Ching: Ancient Advice for a Modern Revolution
￥369.55,Spark Joy: An Illustrated Master Class on the Art of Organizing and Tidying Up
￥349.67,Soul Reader
￥346.75,Security
￥221.04,"Saga, Volume 6 (Saga (Collected Editions) #6)"
￥450.91,"Saga, Volume 5 (Saga (Collected Editions) #5)"
￥175.19,Reskilling America: Learning to Labor in the Twenty-First Century
￥445.26,"Rat Queens, Vol. 3: Demons (Rat Queens (Collected Editions) #11-15)"
￥120.24,"Princess Jellyfish 2-in-1 Omnibus, Vol. 01 (Princess Jellyfish 2-in-1 Omnibus #1)"
￥117.85,Princess Between Worlds (Wide-Awake Princess #5)
￥167.59,"Pop Gun War, Volume 1: Gift"
￥320.52,"Political Suicide: Missteps, Peccadilloes, Bad Calls, Backroom Hijinx, Sordid Pasts, Rotten Breaks, and Just Plain Dumb Mistakes in the Annals of American Politics"
￥89.76,Patience
￥136.40,"Outcast, Vol. 1: A Darkness Surrounds Him (Outcast #1)"
￥427.68,orange: The Complete Collection 1 (orange: The Complete Collection #1)
￥409.48,Online Marketing for Busy Authors: A Step-By-Step Guide
￥124.30,On a Midnight Clear
￥131.28,Obsidian (Lux #1)
￥294.81,My Paris Kitchen: Recipes and Stories
￥498.27,Masks and Shadows
￥123.86,"Mama Tried: Traditional Italian Cooking for the Screwed, Crude, Vegan, and Tattooed"
￥414.43,"Lumberjanes, Vol. 2: Friendship to the Max (Lumberjanes #5-8)"
￥402.94,"Lumberjanes, Vol. 1: Beware the Kitten Holy (Lumberjanes #1-4)"
￥175.98,Lumberjanes Vol. 3: A Terrible Plan (Lumberjanes #9-12)
￥354.35,"Layered: Baking, Building, and Styling Spectacular Cakes"
￥476.18,Judo: Seven Steps to Black Belt (an Introductory Guide for Beginners)
￥315.13,Join
￥194.36,In the Country We Love: My Family Divided
￥506.75,Immunity: How Elie Metchnikoff Changed the Course of Modern Medicine
￥257.70,"I Hate Fairyland, Vol. 1: Madly Ever After (I Hate Fairyland (Compilations) #1-5)"
￥482.63,I am a Hero Omnibus Volume 1
￥406.65,How to Be Miserable: 40 Strategies You Already Use
￥300.11,Her Backup Boyfriend (The Sorensen Family #1)
￥195.33,"Giant Days, Vol. 2 (Giant Days #5-8)"
￥262.30,Forever and Forever: The Courtship of Henry Longfellow and Fanny Appleton
￥141.09,First and First (Five Boroughs #3)
￥194.01,Fifty Shades Darker (Fifty Shades #2)
￥480.16,Everydata: The Misinformation Hidden in the Little Data You Consume Every Day
￥335.45,"Don't Be a Jerk: And Other Practical Advice from Dogen, Japan's Greatest Zen Master"
￥459.31,Danganronpa Volume 1
￥382.45,Crown of Midnight (Throne of Glass #2)
￥324.40,"Codename Baboushka, Volume 1: The Conclave of Death"
￥150.89,Camp Midnight
￥257.44,Call the Nurse: True Stories of a Country Nurse on a Scottish Isle
￥254.52,Burning
￥436.95,Bossypants
￥335.00,"Bitch Planet, Vol. 1: Extraordinary Machine (Bitch Planet (Collected Editions))"
￥248.16,"Avatar: The Last Airbender: Smoke and Shadow, Part 3 (Smoke and Shadow #3)"
￥272.19,Algorithms to Live By: The Computer Science of Human Decisions
￥379.44,A World of Flavor: Your Gluten Free Passport
￥501.45,"A Piece of Sky, a Grain of Rice: A Memoir in Four Meditations"
￥147.01,A Murder in Time
￥490.58,A Flight of Arrows (The Pathfinders #2)
￥248.51,A Fierce and Subtle Poison
￥462.66,A Court of Thorns and Roses (A Court of Thorns and Roses #1)
￥477.06,(Un)Qualified: How God Uses Broken People to Do Big Things
￥193.21,You Are What You Love: The Spiritual Power of Habit
￥382.53,"William Shakespeare's Star Wars: Verily, A New Hope (William Shakespeare's Star Wars #4)"
￥185.88,Tuesday Nights in 1980
￥367.52,Tracing Numbers on a Train
￥309.83,Throne of Glass (Throne of Glass #1)
￥526.89,Thomas Jefferson and the Tripoli Pirates: The Forgotten War That Changed American History
￥465.75,Thirteen Reasons Why
￥513.11,The White Cat and the Monk: A Retelling of the Poem “Pangur Bán”
￥213.09,The Wedding Dress
￥372.37,The Vacationers
￥111.40,The Third Wave: An Entrepreneur’s Vision of the Future
￥154.07,The Stranger
￥292.78,The Shadow Hero (The Shadow Hero)
￥241.80,The Secret (The Secret #1)
￥453.74,The Regional Office Is Under Attack!
￥318.04,The Psychopath Test: A Journey Through the Madness Industry
￥94.09,The Project
￥384.65,The Power of Now: A Guide to Spiritual Enlightenment
￥337.57,The Omnivore's Dilemma: A Natural History of Four Meals
￥329.88,The Nerdy Nummies Cookbook: Sweet Treats for the Geek in All of Us
￥389.60,The Murder of Roger Ackroyd (Hercule Poirot #4)
￥382.45,The Mistake (Off-Campus #2)
￥493.41,The Matchmaker's Playbook (Wingmen Inc. #1)
￥332.18,The Love and Lemons Cookbook: An Apple-to-Zucchini Celebration of Impromptu Cooking
￥96.91,The Long Shadow of Small Ghosts: Murder and Memory in an American City
￥369.46,The Kite Runner
￥326.43,The House by the Lake
￥391.19,The Glittering Court (The Glittering Court #1)
￥486.07,The Girl on the Train
￥152.31,The Genius of Birds
￥204.52,The Emerald Mystery
￥364.42,The Cookies & Cups Cookbook: 125+ sweet & savory recipes reminding you to Always Eat Dessert First
￥282.70,The Bridge to Consciousness: I'm Writing the Bridge Between Science and Our Old and New Beliefs.
￥340.04,The Artist's Way: A Spiritual Path to Higher Creativity
￥294.54,The Art of War
￥96.56,The Argonauts
￥243.39,The 10% Entrepreneur: Live Your Startup Dream Without Quitting Your Day Job
￥494.64,Suddenly in Love (Lake Haven #1)
￥143.47,Something More Than This
￥230.76,Soft Apocalypse
￥108.05,So You've Been Publicly Shamed
￥211.94,Shoe Dog: A Memoir by the Creator of NIKE
￥256.73,"Shobu Samurai, Project Aryoku (#3)"
￥179.08,Secrets and Lace (Fatal Hearts #1)
￥384.74,Scarlett Epstein Hates It Here
￥326.35,Romero and Juliet: A Tragic Tale of Love and Zombies
￥180.84,Redeeming Love
￥362.74,Poses for Artists Volume 1 - Dynamic and Sitting Poses: An Essential Reference for Figure Drawing and the Human Form
￥125.36,Poems That Make Grown Women Cry
￥338.18,"Nightingale, Sing"
￥362.66,Night Sky with Exit Wounds
￥267.24,Mrs. Houdini
￥249.66,Modern Romance
￥95.06,Miss Peregrine’s Home for Peculiar Children (Miss Peregrine’s Peculiar Children #1)
￥148.86,Louisa: The Extraordinary Life of Mrs. Adams
￥119.00,Little Red
￥429.00,Library of Souls (Miss Peregrine’s Peculiar Children #3)
￥169.18,Large Print Heart of the Pride
￥506.75,I Had a Nice Time And Other Lies...: How to find love & sh*t like that
￥379.71,Hollow City (Miss Peregrine’s Peculiar Children #2)
￥195.77,Grumbles
￥436.69,Full Moon over Noah’s Ark: An Odyssey to Mount Ararat and Beyond
￥264.95,Frostbite (Vampire Academy #2)
￥188.70,Follow You Home
￥256.20,First Steps for New Christians (Print Edition)
￥472.91,Finders Keepers (Bill Hodges Trilogy #2)
￥367.69,"Fables, Vol. 1: Legends in Exile (Fables #1)"
￥482.28,Eureka Trivia 6.0
￥308.77,Drive: The Surprising Truth About What Motivates Us
￥333.24,Done Rubbed Out (Reightman & Bailey #1)
￥314.60,Doing It Over (Most Likely To #1)
￥372.46,"Deliciously Ella Every Day: Quick and Easy Recipes for Gluten-Free Snacks, Packed Lunches, and Simple Meals"
￥169.53,Dark Notes
￥171.65,"Daring Greatly: How the Courage to Be Vulnerable Transforms the Way We Live, Love, Parent, and Lead"
￥436.95,Close to You
￥333.94,Chasing Heaven: What Dying Taught Me About Living
￥272.10,Big Magic: Creative Living Beyond Fear
￥242.33,Becoming Wise: An Inquiry into the Mystery and Art of Living
￥98.15,Beauty Restored (Riley Family Legacy Novellas #3)
￥322.46,Batman: The Long Halloween (Batman)
￥135.87,Batman: The Dark Knight Returns (Batman)
￥136.76,Ayumi's Violin
￥413.63,Anonymous
￥163.08,Amy Meets the Saints and Sages
￥323.17,Amid the Chaos
￥446.50,Amatus
￥110.52,Agnostic: A Spirited Manifesto
￥218.21,Zealot: The Life and Times of Jesus of Nazareth
￥385.27,You (You #1)
￥329.88,"Wonder Woman: Earth One, Volume One (Wonder Woman: Earth One #1)"
￥126.86,Wild Swans
￥465.14,Why the Right Went Wrong: Conservatism--From Goldwater to the Tea Party and Beyond
￥337.48,Whole Lotta Creativity Going On: 60 Fun and Unusual Exercises to Awaken and Strengthen Your Creativity
￥173.16,What's It Like in Space?: Stories from Astronauts Who've Been There
￥476.18,"We Are Robin, Vol. 1: The Vigilante Business (We Are Robin #1)"
￥114.50,Walt Disney's Alice in Wonderland
￥327.76,V for Vendetta (V for Vendetta Complete)
￥409.13,Until Friday Night (The Field Party #1)
￥405.95,"Unbroken: A World War II Story of Survival, Resilience, and Redemption"
￥195.07,Twenty Yawns
￥224.22,Through the Woods
￥239.59,This Is Where It Ends
￥380.24,The Year of Magical Thinking
￥501.80,The Wright Brothers
￥228.90,The White Queen (The Cousins' War #1)
￥288.09,The Wedding Pact (The O'Malleys #2)
￥246.31,The Time Keeper
￥465.31,The Testament of Mary
￥406.56,The Star-Touched Queen
￥392.96,The Songs of the Gods
￥330.41,The Song of Achilles
￥477.42,The Rosie Project (Don Tillman #1)
￥149.13,The Power of Habit: Why We Do What We Do in Life and Business
￥248.07,The Marriage of Opposites
￥91.88,The Lucifer Effect: Understanding How Good People Turn Evil
￥389.34,The Long Haul (Diary of a Wimpy Kid #9)
￥206.73,The Loney
￥153.99,The Literature Book (Big Ideas Simply Explained)
￥478.92,The Last Mile (Amos Decker #2)
￥359.30,The Immortal Life of Henrietta Lacks
￥461.69,The Hidden Oracle (The Trials of Apollo #1)
￥254.17,The Help Yourself Cookbook for Kids: 60 Easy Plant-Based Recipes Kids Can Make to Stay Healthy and Save the Earth
￥122.09,The Guilty (Will Robie #4)
￥228.37,The First Hostage (J.B. Collins #2)
￥430.95,The Dovekeepers
￥312.30,The Darkest Lie
￥395.17,The Bane Chronicles (The Bane Chronicles #1-11)
￥139.32,The Bad-Ass Librarians of Timbuktu: And Their Race to Save the World’s Most Precious Manuscripts
￥346.67,The 14th Colony (Cotton Malone #11)
￥122.98,That Darkness (Gardiner and Renner #1)
￥94.44,Tastes Like Fear (DI Marnie Rome #3)
￥399.41,Take Me with You
￥402.68,Swell: A Year of Waves
￥105.04,Superman Vol. 1: Before Truth (Superman by Gene Luen Yang #1)
￥233.32,Still Life with Bread Crumbs
￥348.96,Steve Jobs
￥395.26,Sorting the Beef from the Bull: The Science of Food Fraud Forensics
￥466.37,Someone Like You (The Harrisons #2)
￥313.01,"So Cute It Hurts!!, Vol. 6 (So Cute It Hurts!! #6)"
￥493.32,Shtum
￥431.74,See America: A Celebration of Our National Parks & Treasured Sites
￥413.28,salt.
￥422.47,Robin War
￥225.10,"Red Hood/Arsenal, Vol. 1: Open for Business (Red Hood/Arsenal #1)"
￥208.23,Rain Fish
￥449.59,"Quarter Life Poetry: Poems for the Young, Broke and Hangry"
￥93.29,Pet Sematary
￥460.72,"Overload: How to Unplug, Unwind, and Unleash Yourself from the Pressure of Stress"
￥161.49,Once Was a Time
￥104.51,Old School (Diary of a Wimpy Kid #10)
￥193.92,No Dream Is Too High: Life Lessons From a Man Who Walked on the Moon
￥339.16,"Naruto (3-in-1 Edition), Vol. 14: Includes Vols. 40, 41 & 42 (Naruto: Omnibus #14)"
￥367.16,My Name Is Lucy Barton
￥216.27,My Mrs. Brown
￥356.56,My Kind of Crazy
￥255.32,Mr. Mercedes (Bill Hodges Trilogy #1)
￥332.27,More Than Music (Chasing the Dream #1)
￥343.22,Made to Stick: Why Some Ideas Survive and Others Die
￥476.62,Luis Paints the World
￥440.22,Luckiest Girl Alive
￥455.07,Lowriders to the Center of the Earth (Lowriders in Space #2)
￥159.29,Love Is a Mix Tape (Music #1)
￥257.44,Looking for Lovely: Collecting the Moments that Matter
￥414.43,"Living Leadership by Insight: A Good Leader Achieves, a Great Leader Builds Monuments"
￥236.68,Let It Out: A Journey Through Journaling
￥143.83,Lady Midnight (The Dark Artifices #1)
￥172.71,"It's All Easy: Healthy, Delicious Weeknight Meals in under 30 Minutes"
￥261.94,Island of Dragons (Unwanteds #7)
￥229.52,I Know What I'm Doing -- and Other Lies I Tell Myself: Dispatches from a Life Under Construction
￥93.65,I Am Pilgrim (Pilgrim #1)
￥130.31,"Hyperbole and a Half: Unfortunate Situations, Flawed Coping Mechanisms, Mayhem, and Other Things That Happened"
￥415.40,"Hush, Hush (Hush, Hush #1)"
￥254.61,Hold Your Breath (Search and Rescue #1)
￥519.38,Hamilton: The Revolution
￥90.38,Greek Mythic History
￥265.30,God: The Most Unpleasant Character in All Fiction
￥404.97,Glory over Everything: Beyond The Kitchen House
￥433.33,Feathers: Displays of Brilliant Plumage
￥133.05,"Far & Away: Places on the Brink of Change: Seven Continents, Twenty-Five Years"
￥410.54,Every Last Word
￥239.33,Eligible (The Austen Project #4)
￥509.04,El Deafo
￥127.13,Eight Hundred Grapes
￥457.19,"Eaternity: More than 150 Deliciously Easy Vegan Recipes for a Long, Healthy, Satisfied, Joyful Life"
￥477.68,"Eat Fat, Get Thin"
￥488.99,Don't Get Caught
￥354.44,Doctor Sleep (The Shining #2)
￥331.38,Demigods & Magicians: Percy and Annabeth Meet the Kanes (Percy Jackson & Kane Chronicles Crossover #1-3)
￥99.03,Dear Mr. Knightley
￥323.17,Daily Fantasy Sports
￥421.58,Crazy Love: Overwhelmed by a Relentless God
￥220.95,Cometh the Hour (The Clifton Chronicles #6)
￥195.51,Code Name Verity (Code Name Verity #1)
￥389.95,Clockwork Angel (The Infernal Devices #1)
￥494.91,City of Glass (The Mortal Instruments #3)
￥99.21,City of Fallen Angels (The Mortal Instruments #4)
￥382.36,City of Bones (The Mortal Instruments #1)
￥417.61,City of Ashes (The Mortal Instruments #2)
￥179.25,Cell
￥449.06,Catching Jordan (Hundred Oaks)
￥281.38,"Carry On, Warrior: Thoughts on Life Unarmed"
￥408.42,Carrie
￥333.94,Buying In: The Secret Dialogue Between What We Buy and Who We Are
￥435.72,Brain on Fire: My Month of Madness
￥282.79,Batman: Europa
￥247.45,Barefoot Contessa Back to Basics
￥447.20,Barefoot Contessa at Home: Everyday Recipes You'll Make Over and Over Again
￥150.45,Balloon Animals
￥431.12,Art Ops Vol. 1
￥513.64,Aristotle and Dante Discover the Secrets of the Universe (Aristotle and Dante Discover the Secrets of the Universe #1)
￥302.14,Angels Walking (Angels Walking #1)
￥454.80,Angels & Demons (Robert Langdon #1)
￥263.89,All the Light We Cannot See
￥96.30,"Adulthood Is a Myth: A ""Sarah's Scribbles"" Collection"
￥498.00,Abstract City
￥427.15,A Time of Torment (Charlie Parker #14)
￥147.80,A Study in Scarlet (Sherlock Holmes #1)
￥498.97,"A Series of Catastrophes and Miracles: A True Story of Love, Science, and Cancer"
￥360.36,A People's History of the United States
￥350.91,A Man Called Ove
￥128.81,A Distant Mirror: The Calamitous 14th Century
￥490.40,A Brush of Wings (Angels Walking #3)
￥192.59,1491: New Revelations of the Americas Before Columbus
￥117.76,"The Three Searches, Meaning, and the Story"
￥342.16,Searching for Meaning in Gailana
￥334.47,Rook
￥101.86,My Kitchen Year: 136 Recipes That Saved My Life
￥239.06,13 Hours: The Inside Account of What Really Happened In Benghazi
￥122.45,Will You Won't You Want Me?
￥331.74,Tipping Point for Planet Earth: How Close Are We to the Edge?
￥285.35,The Star-Touched Queen
￥408.95,The Silent Sister (Riley MacPherson #1)
￥231.46,The Midnight Watch: A Novel of the Titanic and the Californian
￥293.84,The Lonely City: Adventures in the Art of Being Alone
￥522.56,The Gray Rhino: How to Recognize and Act on the Obvious Dangers We Ignore
￥348.34,The Golden Condom: And Other Essays on Love Lost and Found
￥127.57,The Epidemic (The Program 0.6)
￥499.50,The Dinner Party
￥529.19,The Diary of a Young Girl
￥104.95,The Children
￥424.50,Stars Above (The Lunar Chronicles #4.5)
￥187.38,Snatched: How A Drug Queen Went Undercover for the DEA and Was Kidnapped By Colombian Guerillas
￥438.81,Raspberry Pi Electronics Projects for the Evil Genius
￥381.12,Quench Your Own Thirst: Business Lessons Learned Over a Beer or Two
￥326.61,Psycho: Sanitarium (Psycho #1.5)
￥236.76,Poisonous (Max Revere Novels #3)
￥138.79,One with You (Crossfire #5)
￥482.81,No Love Allowed (Dodge Cove #1)
￥480.24,Murder at the 42nd Street Library (Raymond Ambler #1)
￥311.68,Most Wanted
￥181.55,"Love, Lies and Spies"
￥515.23,How to Speak Golf: An Illustrated Guide to Links Lingo
￥104.60,Hide Away (Eve Duncan #20)
￥366.28,Furiously Happy: A Funny Book About Horrible Things
￥177.57,Everyday Italian: 125 Simple and Delicious Recipes
￥502.33,Equal Is Unfair: America's Misguided Fight Against Income Inequality
￥499.24,Eleanor & Park
￥360.71,Dirty (Dive Bar #1)
￥429.71,Can You Keep a Secret? (Fear Street Relaunch #4)
￥525.48,Boar Island (Anna Pigeon #19)
￥344.63,A Paris Apartment
￥342.51,"A la Mode: 120 Recipes in 60 Pairings: Pies, Tarts, Cakes, Crisps, and More Topped with Ice Cream, Gelato, Frozen Custard, and More"
￥427.50,Troublemaker: Surviving Hollywood and Scientology
￥240.83,The Widow
￥103.19,"The Sleep Revolution: Transforming Your Life, One Night at a Time"
￥525.21,The Improbability of Love
￥185.52,The Art of Startup Fundraising
￥476.89,Take Me Home Tonight (Rock Star Romance #3)
￥430.59,Sleeping Giants (Themis Files #1)
￥186.85,"Setting the World on Fire: The Brief, Astonishing Life of St. Catherine of Siena"
￥121.12,Playing with Fire
￥421.14,Off the Hook (Fishing for Trouble #1)
￥117.85,Mothering Sunday
￥149.21,"Mother, Can You Not?"
￥240.12,M Train
￥152.66,Lilac Girls
￥398.79,Lies and Other Acts of Love
￥360.89,Lab Girl
￥180.75,Keep Me Posted
￥497.12,It Didn't Start with You: How Inherited Family Trauma Shapes Who We Are and How to End the Cycle
￥428.38,Grey (Fifty Shades #4)
￥453.56,"Exit, Pursued by a Bear"
￥144.36,Daredevils
￥181.11,Cravings: Recipes for What You Want to Eat
￥190.74,Born for This: How to Find the Work You Were Meant to Do
￥188.70,Arena
￥184.46,Adultery
￥172.54,A Mother's Reckoning: Living in the Aftermath of Tragedy
￥130.31,A Gentleman's Position (Society of Gentlemen #3)
￥428.30,11/22/63
￥217.06,"10% Happier: How I Tamed the Voice in My Head, Reduced Stress Without Losing My Edge, and Found Self-Help That Actually Works"
￥439.16,10-Day Green Smoothie Cleanse: Lose Up to 15 Pounds in 10 Days!
￥426.44,Without Shame
￥512.84,Watchmen
￥520.09,Unlimited Intuition Now
￥104.42,Underlying Notes
￥247.63,The Shack
￥389.16,The New Brand You: Your New Image Makes the Sale for You
￥109.02,"The Moosewood Cookbook: Recipes from Moosewood Restaurant, Ithaca, New York"
￥147.36,The Flowers Lied
￥493.94,"The Fabric of the Cosmos: Space, Time, and the Texture of Reality"
￥217.06,The Book of Mormon
￥468.05,The Art and Science of Low Carbohydrate Living
￥480.60,The Alien Club
￥484.22,Suzie Snowflake: One beautiful flake (a self-esteem story)
￥221.57,Nap-a-Roo
￥91.97,"NaNo What Now? Finding your editing process, revising your NaNoWriMo book and building a writing career through publishing and beyond"
￥419.11,Modern Day Fables
￥184.73,If I Gave You God's Phone Number....: Searching for Spirituality in America
￥299.93,"Fruits Basket, Vol. 9 (Fruits Basket #9)"
￥385.89,Dress Your Family in Corduroy and Denim
￥293.57,Don't Forget Steven
￥317.34,Chernobyl 01:23:40: The Incredible True Story of the World's Worst Nuclear Disaster
￥429.62,Art and Fear: Observations on the Perils (and Rewards) of Artmaking
￥500.30,A Shard of Ice (The Black Symphony Saga #1)
￥446.05,A Hero's Curse (The Unseen Chronicles #1)
￥316.19,23 Degrees South: A Tropical Tale of Changing Whether...
￥300.90,"Zero to One: Notes on Startups, or How to Build the Future"
￥156.90,Why Not Me?
￥347.73,When Breath Becomes Air
￥326.35,Vagabonding: An Uncommon Guide to the Art of Long-Term World Travel
￥385.36,The Unlikely Pilgrimage of Harold Fry (Harold Fry #1)
￥380.06,The New Drawing on the Right Side of the Brain
￥251.34,"The Midnight Assassin: Panic, Scandal, and the Hunt for America's First Serial Killer"
￥365.66,The Martian (The Martian #1)
￥451.88,The High Mountains of Portugal
￥316.98,The Grownup
￥326.08,The E-Myth Revisited: Why Most Small Businesses Don't Work and What to Do About It
￥255.58,South of Sunshine
￥343.57,Smarter Faster Better: The Secrets of Being Productive in Life and Business
￥515.32,Silence in the Dark (Logan Point #4)
￥350.46,Shadows of the Past (Logan Point #1)
￥124.57,Roller Girl
￥192.77,Rising Strong
￥478.92,Proofs of God: Classical Arguments from Tertullian to Barth
￥275.55,Please Kill Me: The Uncensored Oral History of Punk
￥473.88,Out of Print: City Lights Spotlight No. 14
￥321.49,My Life Next Door (My Life Next Door )
￥517.17,Miller's Valley
￥260.44,Man's Search for Meaning
￥221.39,"Love That Boy: What Two Presidents, Eight Road Trips, and My Son Taught Me About a Parent's Expectations"
￥110.87,Living Forward: A Proven Plan to Stop Drifting and Get the Life You Want
￥256.55,Les Fleurs du Mal
￥359.74,Left Behind (Left Behind #1)
￥397.99,Kill 'Em and Leave: Searching for James Brown and the American Soul
￥416.37,Kierkegaard: A Christian Missionary to Christians
￥178.63,John Vassos: Industrial Design for Modern Life
￥498.97,I'll Give You the Sun
￥390.57,I Will Find You
￥194.01,Hystopia: A Novel
￥357.36,Howl and Other Poems
￥90.91,History of Beauty
￥466.99,Heaven is for Real: A Little Boy's Astounding Story of His Trip to Heaven and Back
￥491.64,Future Shock (Future Shock #1)
￥385.54,Ender's Game (The Ender Quintet #1)
￥250.99,Diary of a Citizen Scientist: Chasing Tiger Beetles and Other New Ways of Engaging the World
￥331.38,Death by Leisure: A Cautionary Tale
￥101.16,Brilliant Beacons: A History of the American Lighthouse
￥169.80,Brazen: The Courage to Find the You That's Been Hiding
￥502.77,Between the World and Me
￥486.43,Being Mortal: Medicine and What Matters in the End
￥116.62,"A Murder Over a Girl: Justice, Gender, Junior High"
￥473.79,32 Yolks
￥392.96,"""Most Blessed of the Patriarchs"": Thomas Jefferson and the Empire of the Imagination"
￥106.72,You Are a Badass: How to Stop Doubting Your Greatness and Start Living an Awesome Life
￥195.60,Wildlife of New York: A Five-Borough Coloring Book
￥224.13,What Happened on Beale Street (Secrets of the South Mysteries #2)
￥409.30,Unreasonable Hope: Finding Faith in the God Who Brings Purpose to Your Pain
￥329.79,Under the Tuscan Sun
￥225.72,Toddlers Are A**holes: It's Not Your Fault
￥306.73,The Year of Living Biblically: One Man's Humble Quest to Follow the Bible as Literally as Possible
￥317.69,The Whale
￥363.45,The Story of Art
￥88.43,The Origin of Species
￥318.48,The Great Gatsby
￥433.16,The Good Girl
￥143.47,The Glass Castle
￥349.40,The Faith of Christopher Hitchens: The Restless Soul of the World's Most Notorious Atheist
￥315.13,The Drowning Girls
￥146.83,The Constant Princess (The Tudor Court #1)
￥377.94,The Bourne Identity (Jason Bourne #1)
￥462.04,The Bachelor Girl's Guide to Murder (Herringford and Watts Mysteries #1)
￥285.71,The Art Book
￥293.04,The 7 Habits of Highly Effective People: Powerful Lessons in Personal Change
￥177.75,Team of Rivals: The Political Genius of Abraham Lincoln
￥184.64,Steal Like an Artist: 10 Things Nobody Told You About Being Creative
￥184.64,"Sit, Stay, Love"
￥355.15,Sister Dear
￥467.08,"Shrunken Treasures: Literary Classics, Short, Sweet, and Silly"
￥457.10,"Rich Dad, Poor Dad"
￥304.00,Raymie Nightingale
￥286.06,Playing from the Heart
￥444.82,Nightstruck: A Novel
￥100.54,"Naturally Lean: 125 Nourishing Gluten-Free, Plant-Based Recipes--All Under 300 Calories"
￥385.01,Meternity
￥438.81,Memoirs of a Geisha
￥254.17,Like Never Before (Walker Family #2)
￥116.79,Life of Pi
￥452.06,Leave This Song Behind: Teen Poetry at Its Best
￥349.93,King's Folly (The Kinsman Chronicles #1)
￥507.37,John Adams
￥406.48,How to Cook Everything Vegetarian: Simple Meatless Recipes for Great Food (How to Cook Everything)
￥249.57,How to Be a Domestic Goddess: Baking and the Art of Comfort Cooking
￥327.32,Good in Bed (Cannie Shapiro #1)
￥172.89,"Fruits Basket, Vol. 7 (Fruits Basket #7)"
￥398.70,For the Love: Fighting for Grace in a World of Impossible Standards
￥412.04,Finding God in the Ruins: How God Redeems Pain
￥107.43,Every Heart a Doorway (Every Heart A Doorway #1)
￥184.55,Delivering the Truth (Quaker Midwife Mystery #1)
￥158.76,Counted With the Stars (Out from Egypt #1)
￥464.69,"Chronicles, Vol. 1"
￥227.67,Blue Like Jazz: Nonreligious Thoughts on Christian Spirituality
￥425.73,Benjamin Franklin: An American Life
￥264.42,"At The Existentialist Café: Freedom, Being, and apricot cocktails with: Jean-Paul Sartre, Simone de Beauvoir, Albert Camus, Martin Heidegger, Edmund Husserl, Karl Jaspers, Maurice Merleau-Ponty and others"
￥391.72,A Summer In Europe
￥462.93,A Short History of Nearly Everything
￥395.87,A Gathering of Shadows (Shades of Magic #2)
￥510.99,The Sound Of Love
￥350.46,The Rise and Fall of the Third Reich: A History of Nazi Germany
￥486.07,The Perks of Being a Wallflower
￥219.10,The Mysterious Affair at Styles (Hercule Poirot #1)
￥525.21,The Man Who Mistook His Wife for a Hat and Other Clinical Tales
￥278.99,The Makings of a Fatherless Child
￥382.27,The Joy of Cooking
￥329.88,The Invention of Wings
￥157.25,The Hobbit (Middle-Earth Universe)
￥269.81,The Great Railway Bazaar
￥165.82,The Golden Compass (His Dark Materials #1)
￥413.90,The God Delusion
￥139.50,The Girl You Left Behind (The Girl You Left Behind #1)
￥90.73,The Fellowship of the Ring (The Lord of the Rings #1)
￥136.23,The Collected Poems of W.B. Yeats (The Collected Works of W.B. Yeats #1)
￥529.36,The Barefoot Contessa Cookbook
￥450.21,Tell the Wolves I'm Home
￥270.34,Ship Leaves Harbor: Essays on Travel by a Recovering Journeyman
￥170.24,Pride and Prejudice
￥411.51,Musicophilia: Tales of Music and the Brain
￥428.56,Mere Christianity
￥168.03,Me Before You (Me Before You #1)
￥339.07,In the Woods (Dublin Murder Squad #1)
￥441.55,In Cold Blood
￥410.72,How to Stop Worrying and Start Living
￥161.85,Give It Back
￥372.29,"Girl, Interrupted"
￥499.94,Fun Home: A Family Tragicomic
￥185.17,"Fruits Basket, Vol. 6 (Fruits Basket #6)"
￥356.21,Deception Point
￥321.49,"Death Note, Vol. 6: Give-and-Take (Death Note #6)"
￥517.26,Catherine the Great: Portrait of a Woman
￥349.93,Better Homes and Gardens New Cook Book
￥188.17,An Unquiet Mind: A Memoir of Moods and Madness
￥502.51,A Year in Provence (Provence #1)
￥291.27,World Without End (The Pillars of the Earth #2)
￥417.96,"Will Grayson, Will Grayson (Will Grayson, Will Grayson)"
￥429.98,Why Save the Bankers?: And Other Essays on Our Economic and Political Crisis
￥368.66,Where She Went (If I Stay #2)
￥474.24,What If?: Serious Scientific Answers to Absurd Hypothetical Questions
￥129.34,Two Summers
￥339.24,This Is Your Brain on Music: The Science of a Human Obsession
￥133.22,The Secret Garden
￥270.07,The Raven King (The Raven Cycle #4)
￥510.10,The Raven Boys (The Raven Cycle #1)
￥97.62,The Power Greens Cookbook: 140 Delicious Superfood Recipes
￥252.49,The Metamorphosis
￥379.09,The Mathews Men: Seven Brothers and the War Against Hitler's U-boats
￥218.48,The Little Paris Bookshop
￥493.94,The Hiding Place
￥121.56,The Grand Design
￥402.50,The Firm
￥417.17,The Fault in Our Stars
￥494.73,The False Prince (The Ascendance Trilogy #1)
￥393.84,The Expatriates
￥304.79,The Dream Thieves (The Raven Cycle #2)
￥100.09,The Darkest Corners
￥342.51,The Crossover
￥104.51,The 5th Wave (The 5th Wave #1)
￥402.06,Tell the Wind and Fire
￥369.37,Tell Me Three Things
￥222.19,Talking to Girls About Duran Duran: One Young Man's Quest for True Love and a Cooler Haircut
￥302.32,Siddhartha
￥143.38,Shiver (The Wolves of Mercy Falls #1)
￥101.42,Remember Me?
￥206.46,Red Dragon (Hannibal Lecter #1)
￥143.83,Peak: Secrets from the New Science of Expertise
￥279.44,My Mother Was Nuts
￥220.07,Mexican Today: New and Rediscovered Recipes for Contemporary Kitchens
￥199.13,Maybe Something Beautiful: How Art Transformed a Neighborhood
￥208.76,Lola and the Boy Next Door (Anna and the French Kiss #2)
￥115.91,Logan Kade (Fallen Crest High #5.5)
￥529.89,Last One Home (New Beginnings #1)
￥278.20,Killing Floor (Jack Reacher #1)
￥137.11,Kill the Boy Band
￥425.20,Isla and the Happily Ever After (Anna and the French Kiss #3)
￥336.86,If I Stay (If I Stay #1)
￥322.90,I Know Why the Caged Bird Sings (Maya Angelou's Autobiography #1)
￥206.02,Harry Potter and the Deathly Hallows (Harry Potter #7)
￥144.27,"Fruits Basket, Vol. 5 (Fruits Basket #5)"
￥286.41,Foundation (Foundation (Publication Order) #1)
￥149.83,Fool Me Once
￥197.63,Find Her (Detective D.D. Warren #8)
￥373.43,Evicted: Poverty and Profit in the American City
￥341.90,Drama
￥314.77,Dracula the Un-Dead
￥512.40,Digital Fortress
￥463.02,"Death Note, Vol. 5: Whiteout (Death Note #5)"
￥285.80,"Data, A Love Story: How I Gamed Online Dating to Meet My Match"
￥183.32,Critique of Pure Reason
￥154.52,Booked
￥301.52,"Blue Lily, Lily Blue (The Raven Cycle #3)"
￥519.56,Approval Junkie: Adventures in Caring Too Much
￥88.34,An Abundance of Katherines
￥452.50,America's War for the Greater Middle East: A Military History
￥517.61,Alight (The Generations Trilogy #2)
￥276.52,A Girl's Guide to Moving On (New Beginnings #2)
￥410.10,A Game of Thrones (A Song of Ice and Fire #1)
￥152.04,A Feast for Crows (A Song of Ice and Fire #4)
￥95.32,A Clash of Kings (A Song of Ice and Fire #2)
￥462.49,Vogue Colors A to Z: A Fashion Coloring Book
￥246.31,The Shining (The Shining #1)
￥444.02,The Pilgrim's Progress
￥529.98,The Perfect Play (Play by Play #1)
￥250.19,The Passion of Dolssa
￥341.98,The Jazz of Physics: The Secret Link Between Music and the Structure of the Universe
￥263.71,The Hunger Games (The Hunger Games #1)
￥130.93,The Hound of the Baskervilles (Sherlock Holmes #5)
￥148.51,The Gunning of America: Business and the Making of American Gun Culture
￥249.40,The Geography of Bliss: One Grump's Search for the Happiest Places in the World
￥460.37,The Demonists (Demonist #1)
￥246.31,"The Demon Prince of Momochi House, Vol. 4 (The Demon Prince of Momochi House #4)"
￥527.51,The Bone Hunters (Lexy Vaughan & Steven Macaulay #2)
￥407.09,The Beast (Black Dagger Brotherhood #14)
￥121.30,Some Women
￥427.50,Shopaholic Ties the Knot (Shopaholic #3)
￥436.87,Paper and Fire (The Great Library #2)
￥173.77,Outlander (Outlander #1)
￥109.19,"Orchestra of Exiles: The Story of Bronislaw Huberman, the Israel Philharmonic, and the One Thousand Jews He Saved from Nazi Horrors"
￥176.87,No One Here Gets Out Alive
￥112.64,Night Shift (Night Shift #1-20)
￥419.73,Needful Things
￥180.58,Mockingjay (The Hunger Games #3)
￥307.35,Misery
￥247.98,Little Women (Little Women #1)
￥220.95,It
￥122.80,Harry Potter and the Sorcerer's Stone (Harry Potter #1)
￥213.53,Harry Potter and the Prisoner of Azkaban (Harry Potter #3)
￥279.44,Harry Potter and the Order of the Phoenix (Harry Potter #5)
￥430.68,Harry Potter and the Half-Blood Prince (Harry Potter #6)
￥130.22,Harry Potter and the Chamber of Secrets (Harry Potter #2)
￥287.03,Gone with the Wind
￥245.60,God Is Not Great: How Religion Poisons Everything
￥236.50,Girl With a Pearl Earring
￥445.61,"Fruits Basket, Vol. 4 (Fruits Basket #4)"
￥308.59,Far From True (Promise Falls Trilogy #2)
￥113.70,Dark Lover (Black Dagger Brotherhood #1)
￥432.36,Confessions of a Shopaholic (Shopaholic #1)
￥118.21,Changing the Game (Play by Play #2)
￥517.97,Candide
￥193.83,Can You Keep a Secret?
￥234.82,Atlas Shrugged
￥505.51,Animal Farm
￥498.53,A Walk to Remember
￥491.64,A New Earth: Awakening to Your Life's Purpose
￥244.01,"A History of God: The 4,000-Year Quest of Judaism, Christianity, and Islam"
￥437.84,'Salem's Lot
￥307.18,Zero History (Blue Ant #3)
￥156.64,Wuthering Heights
￥192.59,World War Z: An Oral History of the Zombie War
￥406.56,Wild: From Lost to Found on the Pacific Crest Trail
￥160.17,"Where'd You Go, Bernadette"
￥272.90,When You Are Engulfed in Flames
￥282.26,We the People: The Modern-Day Figures Who Have Reshaped and Affirmed the Founding Fathers' Vision of America
￥212.38,We Are All Completely Beside Ourselves
￥285.88,Walk the Edge (Thunder Road #2)
￥186.14,Voyager (Outlander #3)
￥447.56,Very Good Lives: The Fringe Benefits of Failure and the Importance of Imagination
￥120.68,Vegan Vegetarian Omnivore: Dinner for Everyone at the Table
￥513.20,"Unstuffed: Decluttering Your Home, Mind, and Soul"
￥265.04,Under the Banner of Heaven: A Story of Violent Faith
￥289.24,Two Boys Kissing
￥370.43,Twilight (Twilight #1)
￥378.12,Twenties Girl
￥472.73,"Trespassing Across America: One Man's Epic, Never-Done-Before (and Sort of Illegal) Hike Across the Heartland"
￥205.05,Three-Martini Lunch
￥186.76,"Thinking, Fast and Slow"
￥495.35,The Wild Robot
￥127.31,"The Wicked + The Divine, Vol. 3: Commercial Suicide (The Wicked + The Divine)"
￥404.18,The Undomestic Goddess
￥139.32,The Travelers
￥88.52,The Tipping Point: How Little Things Can Make a Big Difference
￥430.86,The Thing About Jellyfish
￥511.16,The Stand
￥208.41,The Smitten Kitchen Cookbook
￥203.64,The Silkworm (Cormoran Strike #2)
￥490.76,"The Sandman, Vol. 3: Dream Country (The Sandman (volumes) #3)"
￥518.06,The Rose & the Dagger (The Wrath and the Dawn #2)
￥205.05,The Road to Little Dribbling: Adventures of an American in Britain (Notes From a Small Island #2)
￥376.08,The Rise of Theodore Roosevelt (Theodore Roosevelt #1)
￥96.47,The Restaurant at the End of the Universe (Hitchhiker's Guide to the Galaxy #2)
￥307.18,The Rest Is Noise: Listening to the Twentieth Century
￥315.04,The Red Tent
￥328.56,The Purpose Driven Life: What on Earth Am I Here for?
￥108.22,The Purest Hook (Second Circle Tattoos #3)
￥262.38,The Picture of Dorian Gray
￥325.11,The Paris Wife
￥401.35,The Obsession
￥231.99,The Nightingale
￥396.85,The New Guy (and Other Senior Year Distractions)
￥464.08,The Nanny Diaries (Nanny #1)
￥329.09,The Name of God is Mercy
￥184.91,The Maze Runner (The Maze Runner #1)
￥513.20,The Lover's Dictionary
￥385.10,The Lonely Ones
￥299.67,The Lean Startup: How Today's Entrepreneurs Use Continuous Innovation to Create Radically Successful Businesses
￥490.76,The Last Painting of Sara de Vos
￥261.85,"The Land of 10,000 Madonnas"
￥242.15,The Infinities
￥463.90,The Husband's Secret
￥422.29,The Hitchhiker's Guide to the Galaxy (Hitchhiker's Guide to the Galaxy #1)
￥128.45,The Guns of August
￥437.57,The Guernsey Literary and Potato Peel Pie Society
￥385.01,The Goldfinch
￥108.66,The Giver (The Giver Quartet #1)
￥437.04,The Girl with All the Gifts
￥195.60,The Girl Who Played with Fire (Millennium Trilogy #2)
￥507.81,The Girl Who Kicked the Hornet's Nest (Millennium Trilogy #3)
￥383.86,The Exiled
￥195.51,"The End of Faith: Religion, Terror, and the Future of Reason"
￥115.11,"The Elegant Universe: Superstrings, Hidden Dimensions, and the Quest for the Ultimate Theory"
￥506.66,"The Disappearing Spoon: And Other True Tales of Madness, Love, and the History of the World from the Periodic Table of the Elements"
￥391.28,The Devil Wears Prada (The Devil Wears Prada #1)
￥461.60,The Demon-Haunted World: Science as a Candle in the Dark
￥232.61,The Day the Crayons Came Home (Crayons)
￥202.84,The Da Vinci Code (Robert Langdon #2)
￥169.71,The Cuckoo's Calling (Cormoran Strike #1)
￥236.59,The Complete Stories and Poems (The Works of Edgar Allan Poe [Cameo Edition])
￥365.04,The Complete Poems
￥216.89,The Catcher in the Rye
￥143.65,The Cat in the Hat (Beginner Books B-1)
￥422.64,The Case for Christ (Cases for Christianity)
￥472.56,The Book Thief
￥396.14,The Book of Basketball: The NBA According to The Sports Guy
￥474.50,The Blind Side: Evolution of a Game
￥206.99,The Autobiography of Malcolm X
￥303.20,"The Art of Simple Food: Notes, Lessons, and Recipes from a Delicious Revolution"
￥195.24,The Art of Fielding
￥228.20,"Surely You're Joking, Mr. Feynman!: Adventures of a Curious Character"
￥324.58,Stiff: The Curious Lives of Human Cadavers
￥437.40,Spilled Milk: Based on a True Story
￥432.54,Something Borrowed (Darcy & Rachel #1)
￥482.54,Something Blue (Darcy & Rachel #2)
￥218.39,Soldier (Talon #3)
￥410.36,Shopaholic & Baby (Shopaholic #5)
￥462.31,Seven Days in the Art World
￥270.34,Seven Brief Lessons on Physics
￥128.72,Scarlet (The Lunar Chronicles #2)
￥408.95,Sarah's Key
￥190.56,"Saga, Volume 3 (Saga (Collected Editions) #3)"
￥114.05,Running with Scissors
￥442.70,Rogue Lawyer (Rogue Lawyer #1)
￥368.13,"Rise of the Rocket Girls: The Women Who Propelled Us, from Missiles to the Moon to Mars"
￥396.49,Rework
￥98.06,Reservations for Two
￥252.14,Red: The True Story of Red Riding Hood
￥168.47,Ready Player One
￥384.74,Quiet: The Power of Introverts in a World That Can't Stop Talking
￥385.45,Prodigy: The Graphic Novel (Legend: The Graphic Novel #2)
￥345.69,Persepolis: The Story of a Childhood (Persepolis #1-2)
￥500.74,Packing for Mars: The Curious Science of Life in the Void
￥125.10,Outliers: The Story of Success
￥277.85,Original Fake
￥217.42,Orange Is the New Black
￥290.39,One for the Money (Stephanie Plum #1)
￥354.88,Notes from a Small Island (Notes From a Small Island #1)
￥119.35,Night (The Night Trilogy #1)
￥344.10,Neither Here nor There: Travels in Europe
￥279.97,Naked
￥259.73,Morning Star (Red Rising #3)
￥510.90,"Miracles from Heaven: A Little Girl, Her Journey to Heaven, and Her Amazing Story of Healing"
￥489.96,Midnight Riot (Peter Grant/ Rivers of London - books #1)
￥508.87,Me Talk Pretty One Day
￥309.03,Manuscript Found in Accra
￥104.87,Lust & Wonder
￥110.17,Lila (Gilead #3)
￥293.84,"Life, the Universe and Everything (Hitchhiker's Guide to the Galaxy #3)"
￥521.59,Life Without a Recipe
￥230.85,Life After Life
￥196.13,Letter to a Christian Nation
￥398.52,Let's Pretend This Never Happened: A Mostly True Memoir
￥385.98,Legend (Legend #1)
￥221.04,"Lean In: Women, Work, and the Will to Lead"
￥490.31,"Lamb: The Gospel According to Biff, Christ's Childhood Pal"
￥468.58,Lady Renegades (Rebel Belle #3)
￥397.29,Jurassic Park (Jurassic Park #1)
￥374.41,It's Never Too Late to Begin Again: Discovering Creativity and Meaning at Midlife and Beyond
￥177.66,Is Everyone Hanging Out Without Me? (And Other Concerns)
￥500.92,Into the Wild
￥362.21,Inferno (Robert Langdon #4)
￥254.88,"In the Garden of Beasts: Love, Terror, and an American Family in Hitler's Berlin"
￥441.46,If I Run (If I Run #1)
￥173.95,I've Got Your Number
￥255.14,I Am Malala: The Girl Who Stood Up for Education and Was Shot by the Taliban
￥292.78,Hungry Girl Clean & Hungry: Easy All-Natural Recipes for Healthy Eating in the Real World
￥386.07,"House of Lost Worlds: Dinosaurs, Dynasties, and the Story of Life on Earth"
￥484.93,House of Leaves
￥331.47,Horrible Bear!
￥451.18,Holidays on Ice
￥389.34,Heir to the Sky
￥95.32,Green Eggs and Ham (Beginner Books B-16)
￥377.41,"Grayson, Vol 3: Nemesis (Grayson #3)"
￥235.53,Gratitude
￥332.18,Gone Girl
￥372.90,Golden (Heart of Dread #3)
￥413.72,Girl in the Blue Coat
￥399.05,"Fruits Basket, Vol. 3 (Fruits Basket #3)"
￥452.50,"Friday Night Lights: A Town, a Team, and a Dream"
￥188.00,Fire Bound (Sea Haven/Sisters of the Heart #5)
￥135.70,Fifty Shades Freed (Fifty Shades #3)
￥341.19,Fellside
￥224.40,Extreme Prey (Lucas Davenport #26)
￥387.57,Eragon (The Inheritance Cycle #1)
￥165.56,Eclipse (Twilight #3)
￥484.66,Dune (Dune #1)
￥464.87,Dracula
￥454.80,Do Androids Dream of Electric Sheep? (Blade Runner #1)
￥134.99,Disrupted: My Misadventure in the Start-Up Bubble
￥346.67,Dead Wake: The Last Crossing of the Lusitania
￥157.34,"David and Goliath: Underdogs, Misfits, and the Art of Battling Giants"
￥494.91,Darkfever (Fever #1)
￥211.14,Dark Places
￥434.04,Crazy Rich Asians (Crazy Rich Asians #1)
￥93.82,Counting Thyme
￥319.54,Cosmos
￥529.63,Civilization and Its Discontents
￥230.49,Cinder (The Lunar Chronicles #1)
￥329.97,Catastrophic Happiness: Finding Joy in Childhood's Messy Years
￥218.39,Career of Evil (Cormoran Strike #3)
￥311.68,Breaking Dawn (Twilight #4)
￥453.39,Brave Enough
￥186.58,Boy Meets Boy
￥241.62,"Born to Run: A Hidden Tribe, Superathletes, and the Greatest Race the World Has Never Seen"
￥192.06,Blink: The Power of Thinking Without Thinking
￥361.07,Black Flags: The Rise of ISIS
￥435.63,"Black Butler, Vol. 1 (Black Butler #1)"
￥195.33,Big Little Lies
￥183.67,Between Shades of Gray
￥242.15,Best of My Love (Fool's Gold #20)
￥338.80,Beowulf
￥190.38,Beautiful Creatures (Caster Chronicles #1)
￥335.89,Awkward
￥194.89,Ash
￥94.18,Are We There Yet?
￥499.86,Are We Smart Enough to Know How Smart Animals Are?
￥325.37,Annie on My Mind
￥309.30,And Then There Were None
￥269.28,A Walk in the Woods: Rediscovering America on the Appalachian Trail
￥124.39,A Visit from the Goon Squad
￥275.81,A Storm of Swords (A Song of Ice and Fire #3)
￥479.63,A Heartbreaking Work of Staggering Genius
￥274.22,8 Keys to Mental Health Through Exercise
￥450.21,#GIRLBOSS
￥105.04,"The Suffragettes (Little Black Classics, #96)"
￥277.23,The Sense of an Ending
￥484.22,"The Sandman, Vol. 2: The Doll's House (The Sandman (volumes) #2)"
￥148.24,The Course of Love
￥215.74,Sugar Rush (Offensive Line #2)
￥103.81,"Saga, Volume 2 (Saga (Collected Editions) #2)"
￥176.87,"Run, Spot, Run: The Ethics of Keeping Pets"
￥113.61,New Moon (Twilight #2)
￥278.99,Life
￥300.37,Kindle Paperwhite User's Guide
￥507.28,H is for Hawk
￥472.38,Girl Online On Tour (Girl Online #2)
￥102.83,"Fruits Basket, Vol. 2 (Fruits Basket #2)"
￥467.17,Diary of a Minecraft Zombie Book 1: A Scare of a Dare (An Unofficial Minecraft Book)
￥163.53,"Y: The Last Man, Vol. 1: Unmanned (Y: The Last Man #1)"
￥365.04,While You Were Mine
￥351.35,Where Lightning Strikes (Bleeding Stars #3)
￥459.04,When I'm Gone
￥349.05,Ways of Seeing
￥136.05,"Vampire Knight, Vol. 1 (Vampire Knight #1)"
￥475.47,Vampire Girl (Vampire Girl #1)
￥273.43,Twenty Love Poems and a Song of Despair
￥510.81,Travels with Charley: In Search of America
￥390.31,Three Wishes (River of Time: California #1)
￥430.33,This One Moment (Pushing Limits #1)
￥173.95,The Zombie Room
￥322.64,"The Wicked + The Divine, Vol. 1: The Faust Act (The Wicked + The Divine)"
￥367.16,The Tumor
￥381.56,The Story of Hong Gildong
￥109.02,The Silent Wife
￥320.25,The Silent Twin (Detective Jennifer Knight #3)
￥260.18,The Selfish Gene
￥305.32,The Secret Healer
￥478.12,"The Sandman, Vol. 1: Preludes and Nocturnes (The Sandman (volumes) #1)"
￥298.43,The Republic
￥261.85,The Odyssey
￥509.75,The No. 1 Ladies' Detective Agency (No. 1 Ladies' Detective Agency #1)
￥321.05,The Nicomachean Ethics
￥446.94,The Name of the Wind (The Kingkiller Chronicle #1)
￥259.56,The Mirror & the Maze (The Wrath and the Dawn #1.5)
￥401.26,The Little Prince
￥480.86,The Light of the Fireflies
￥320.34,The Last Girl (The Dominion Trilogy #1)
￥142.77,The Iliad
￥320.60,The Hook Up (Game On #1)
￥246.39,The Haters
￥108.58,The Girl You Lost
￥140.03,The Girl In The Ice (DCI Erika Foster #1)
￥127.22,The End of the Jesus Era (An Investigation #1)
￥169.45,The Edge of Reason (Bridget Jones #2)
￥94.00,The Complete Maus (Maus #1-2)
￥130.40,The Communist Manifesto
￥507.90,The Bhagavad Gita
￥270.87,The Bette Davis Club
￥360.71,The Art of Not Breathing
￥166.80,Taking Shots (Assassins #1)
￥228.20,Starlark
￥372.11,"Skip Beat!, Vol. 01 (Skip Beat! #1)"
￥117.76,Sister Sable (The Mad Queen #1)
￥374.58,Shatter Me (Shatter Me #1)
￥515.49,Shameless
￥191.89,Shadow Rites (Jane Yellowrock #10)
￥396.76,Settling the Score (The Summer Games #1)
￥330.94,Sense and Sensibility
￥251.61,"Saga, Volume 1 (Saga (Collected Editions) #1)"
￥250.37,"Rhythm, Chord & Malykhin"
￥414.87,"Rat Queens, Vol. 1: Sass & Sorcery (Rat Queens (Collected Editions) #1-5)"
￥220.51,Paradise Lost (Paradise #1)
￥191.80,"Paper Girls, Vol. 1 (Paper Girls #1-5)"
￥263.89,"Ouran High School Host Club, Vol. 1 (Ouran High School Host Club #1)"
￥256.11,Origins (Alphas 0.5)
￥467.70,One Second (Seven #7)
￥285.88,On the Road (Duluoz Legend)
￥491.73,Old Records Never Die: One Man's Quest for His Vinyl and His Past
￥348.52,Off Sides (Off #1)
￥416.19,Of Mice and Men
￥519.03,Myriad (Prentor #1)
￥343.84,My Perfect Mistake (Over the Top #1)
￥347.99,"Ms. Marvel, Vol. 1: No Normal (Ms. Marvel (2014-2015) #1)"
￥228.73,Meditations
￥250.37,Matilda
￥244.72,Lost Among the Living
￥219.89,Lord of the Flies
￥521.15,Listen to Me (Fusion #1)
￥505.33,Kitchens of the Great Midwest
￥339.51,Jane Eyre
￥306.91,Imperfect Harmony
￥357.27,Icing (Aces Hockey #2)
￥399.67,"Hawkeye, Vol. 1: My Life as a Weapon (Hawkeye #1)"
￥308.85,Having the Barbarian's Baby (Ice Planet Barbarians #7.5)
￥501.45,"Giant Days, Vol. 1 (Giant Days #1-4)"
￥355.85,"Fruits Basket, Vol. 1 (Fruits Basket #1)"
￥335.71,Frankenstein
￥254.43,Forever Rockers (The Rocker #12)
￥346.67,Fighting Fate (Fighting #6)
￥290.92,Emma
￥453.39,"Eat, Pray, Love"
￥416.02,Deep Under (Walker Security #1)
￥251.08,Choosing Our Religion: The Spiritual Lives of America's Nones
￥201.87,Charlie and the Chocolate Factory (Charlie Bucket #1)
￥364.33,Charity's Cross (Charles Towne Belles #4)
￥345.16,Bright Lines
￥263.44,Bridget Jones's Diary (Bridget Jones #1)
￥329.17,Bounty (Colorado Mountain #7)
￥179.34,Blood Defense (Samantha Brinkman #1)
￥306.12,"Bleach, Vol. 1: Strawberry and the Soul Reapers (Bleach #1)"
￥383.24,Beyond Good and Evil
￥490.58,Alice in Wonderland (Alice's Adventures in Wonderland #1)
￥504.10,"Ajin: Demi-Human, Volume 1 (Ajin: Demi-Human #1)"
￥149.92,A Spy's Devotion (The Regency Spies of London #1)
￥476.89,1st to Die (Women's Murder Club #1)
￥230.40,"1,000 Places to See Before You Die"
